Class 1 (Spam) Prob.,Class 2 (Not Spam) Prob.,Default (Spam) Prob.,Default (Not Spam) Prob.,(Spam) Log,(Not Spam) Log
0.1660261337432744,0.8339738662567256,4.940442960115804e-06,1.4713390509568853e-06,-12.218055562744745,-13.429337652790288
