Class 1 (Spam) Prob.,Class 2 (Not Spam) Prob.,Default (Spam) Prob.,Default (Not Spam) Prob.,(Spam) Log,(Not Spam) Log
0.1662826420890937,0.8337173579109063,4.9289977868799935e-06,1.3719679508286686e-06,-12.220374879240932,-13.49926438838774
