Class 1 (Spam) Prob.,Class 2 (Not Spam) Prob.,Default (Spam) Prob.,Default (Not Spam) Prob.,(Spam) Log,(Not Spam) Log
0.1662826420890937,0.8337173579109063,5.112030140529708e-06,1.417526869221806e-06,-12.183913944871659,-13.466596846164856
