Class 1 (Spam) Prob.,Class 2 (Not Spam) Prob.,Default (Spam) Prob.,Default (Not Spam) Prob.,(Spam) Log,(Not Spam) Log
0.1662826420890937,0.8337173579109063,5.0383671659688525e-06,1.358149439899171e-06,-12.198428503378416,-13.509387490773806
