Class 1 (Spam) Prob.,Class 2 (Not Spam) Prob.,Default (Spam) Prob.,Default (Not Spam) Prob.,(Spam) Log,(Not Spam) Log
0.1662826420890937,0.8337173579109063,5.067190952023836e-06,1.422752371372515e-06,-12.192723946760442,-13.462917272711788
