Class 1 (Spam) Prob.,Class 2 (Not Spam) Prob.,Default (Spam) Prob.,Default (Not Spam) Prob.,(Spam) Log,(Not Spam) Log
0.1662826420890937,0.8337173579109063,5.220187509135328e-06,1.3940468622793223e-06,-12.162977235424588,-13.483299629060912
