Class 1 (Spam) Prob.,Class 2 (Not Spam) Prob.,Default (Spam) Prob.,Default (Not Spam) Prob.,(Spam) Log,(Not Spam) Log
0.16634652324241261,0.8336534767575874,4.9565557885136774e-06,1.4276923779787018e-06,-12.214799455910116,-13.459451138836986
