Class 1 (Spam) Prob.,Class 2 (Not Spam) Prob.,Default (Spam) Prob.,Default (Not Spam) Prob.,(Spam) Log,(Not Spam) Log
0.1662826420890937,0.8337173579109063,5.004428919593841e-06,1.3972451913806738e-06,-12.20518725368647,-13.481007980290682
